h,count,mean,std,min,25%,50%,75%,max
21,15672.0,0.006470987406637849,0.07040471372068448,-0.3626645436145237,-0.0349244331096239,0.0031237876117305996,0.04341662268430846,0.6151693610720177
63,15504.0,0.019325606491053828,0.1270667328270687,-0.39569365559524905,-0.0598359483404928,0.011236935943962245,0.09051787645954562,1.0787082958615914
252,14748.0,0.08808148396233355,0.297757522338372,-0.6879052685706846,-0.11327674643675636,0.0532102123588839,0.23226453709147832,2.076124285128953
